Mes,UsuariosNuevos,Estacion,Año
1,8,Invierno,1800
2,8,Invierno,1800
3,10,Primavera,1800
4,10,Primavera,1800
5,10,Primavera,1800
6,12,Verano,1800
7,12,Verano,1800
8,12,Verano,1800
9,10,Otoño,1800
10,10,Otoño,1800
11,10,Otoño,1800
12,8,Invierno,1800
1,8,Invierno,1801
2,8,Invierno,1801
3,10,Primavera,1801
4,10,Primavera,1801
5,10,Primavera,1801
6,12,Verano,1801
7,12,Verano,1801
8,12,Verano,1801
9,10,Otoño,1801
10,10,Otoño,1801
11,10,Otoño,1801
12,8,Invierno,1801
1,8,Invierno,1802
2,8,Invierno,1802
3,10,Primavera,1802
4,10,Primavera,1802
5,10,Primavera,1802
6,12,Verano,1802
7,12,Verano,1802
8,12,Verano,1802
9,10,Otoño,1802
10,10,Otoño,1802
11,10,Otoño,1802
12,8,Invierno,1802
1,8,Invierno,1803
2,8,Invierno,1803
3,11,Primavera,1803
4,11,Primavera,1803
5,11,Primavera,1803
6,13,Verano,1803
7,13,Verano,1803
8,13,Verano,1803
9,11,Otoño,1803
10,11,Otoño,1803
11,11,Otoño,1803
12,8,Invierno,1803
1,9,Invierno,1804
2,9,Invierno,1804
3,11,Primavera,1804
4,11,Primavera,1804
5,11,Primavera,1804
6,13,Verano,1804
7,13,Verano,1804
8,13,Verano,1804
9,11,Otoño,1804
10,11,Otoño,1804
11,11,Otoño,1804
12,9,Invierno,1804
1,9,Invierno,1805
2,9,Invierno,1805
3,11,Primavera,1805
4,11,Primavera,1805
5,11,Primavera,1805
6,13,Verano,1805
7,13,Verano,1805
8,13,Verano,1805
9,11,Otoño,1805
10,11,Otoño,1805
11,11,Otoño,1805
12,9,Invierno,1805
1,9,Invierno,1806
2,9,Invierno,1806
3,11,Primavera,1806
4,11,Primavera,1806
5,11,Primavera,1806
6,14,Verano,1806
7,14,Verano,1806
8,14,Verano,1806
9,11,Otoño,1806
10,11,Otoño,1806
11,11,Otoño,1806
12,9,Invierno,1806
1,9,Invierno,1807
2,9,Invierno,1807
3,11,Primavera,1807
4,11,Primavera,1807
5,11,Primavera,1807
6,14,Verano,1807
7,14,Verano,1807
8,14,Verano,1807
9,11,Otoño,1807
10,11,Otoño,1807
11,11,Otoño,1807
12,9,Invierno,1807
1,9,Invierno,1808
2,9,Invierno,1808
3,12,Primavera,1808
4,12,Primavera,1808
5,12,Primavera,1808
6,14,Verano,1808
7,14,Verano,1808
8,14,Verano,1808
9,12,Otoño,1808
10,12,Otoño,1808
11,12,Otoño,1808
12,9,Invierno,1808
1,10,Invierno,1809
2,10,Invierno,1809
3,12,Primavera,1809
4,12,Primavera,1809
5,12,Primavera,1809
6,14,Verano,1809
7,14,Verano,1809
8,14,Verano,1809
9,12,Otoño,1809
10,12,Otoño,1809
11,12,Otoño,1809
12,10,Invierno,1809
1,10,Invierno,1810
2,10,Invierno,1810
3,12,Primavera,1810
4,12,Primavera,1810
5,12,Primavera,1810
6,15,Verano,1810
7,15,Verano,1810
8,15,Verano,1810
9,12,Otoño,1810
10,12,Otoño,1810
11,12,Otoño,1810
12,10,Invierno,1810
1,10,Invierno,1811
2,10,Invierno,1811
3,12,Primavera,1811
4,12,Primavera,1811
5,12,Primavera,1811
6,15,Verano,1811
7,15,Verano,1811
8,15,Verano,1811
9,12,Otoño,1811
10,12,Otoño,1811
11,12,Otoño,1811
12,10,Invierno,1811
1,10,Invierno,1812
2,10,Invierno,1812
3,13,Primavera,1812
4,13,Primavera,1812
5,13,Primavera,1812
6,15,Verano,1812
7,15,Verano,1812
8,15,Verano,1812
9,13,Otoño,1812
10,13,Otoño,1812
11,13,Otoño,1812
12,10,Invierno,1812
1,10,Invierno,1813
2,10,Invierno,1813
3,13,Primavera,1813
4,13,Primavera,1813
5,13,Primavera,1813
6,16,Verano,1813
7,16,Verano,1813
8,16,Verano,1813
9,13,Otoño,1813
10,13,Otoño,1813
11,13,Otoño,1813
12,10,Invierno,1813
1,11,Invierno,1814
2,11,Invierno,1814
3,13,Primavera,1814
4,13,Primavera,1814
5,13,Primavera,1814
6,16,Verano,1814
7,16,Verano,1814
8,16,Verano,1814
9,13,Otoño,1814
10,13,Otoño,1814
11,13,Otoño,1814
12,11,Invierno,1814
1,11,Invierno,1815
2,11,Invierno,1815
3,13,Primavera,1815
4,13,Primavera,1815
5,13,Primavera,1815
6,16,Verano,1815
7,16,Verano,1815
8,16,Verano,1815
9,13,Otoño,1815
10,13,Otoño,1815
11,13,Otoño,1815
12,11,Invierno,1815
1,11,Invierno,1816
2,11,Invierno,1816
3,14,Primavera,1816
4,14,Primavera,1816
5,14,Primavera,1816
6,16,Verano,1816
7,16,Verano,1816
8,16,Verano,1816
9,14,Otoño,1816
10,14,Otoño,1816
11,14,Otoño,1816
12,11,Invierno,1816
1,11,Invierno,1817
2,11,Invierno,1817
3,14,Primavera,1817
4,14,Primavera,1817
5,14,Primavera,1817
6,17,Verano,1817
7,17,Verano,1817
8,17,Verano,1817
9,14,Otoño,1817
10,14,Otoño,1817
11,14,Otoño,1817
12,11,Invierno,1817
1,11,Invierno,1818
2,11,Invierno,1818
3,14,Primavera,1818
4,14,Primavera,1818
5,14,Primavera,1818
6,17,Verano,1818
7,17,Verano,1818
8,17,Verano,1818
9,14,Otoño,1818
10,14,Otoño,1818
11,14,Otoño,1818
12,11,Invierno,1818
1,12,Invierno,1819
2,12,Invierno,1819
3,15,Primavera,1819
4,15,Primavera,1819
5,15,Primavera,1819
6,17,Verano,1819
7,17,Verano,1819
8,17,Verano,1819
9,15,Otoño,1819
10,15,Otoño,1819
11,15,Otoño,1819
12,12,Invierno,1819
1,12,Invierno,1820
2,12,Invierno,1820
3,15,Primavera,1820
4,15,Primavera,1820
5,15,Primavera,1820
6,18,Verano,1820
7,18,Verano,1820
8,18,Verano,1820
9,15,Otoño,1820
10,15,Otoño,1820
11,15,Otoño,1820
12,12,Invierno,1820
1,12,Invierno,1821
2,12,Invierno,1821
3,15,Primavera,1821
4,15,Primavera,1821
5,15,Primavera,1821
6,18,Verano,1821
7,18,Verano,1821
8,18,Verano,1821
9,15,Otoño,1821
10,15,Otoño,1821
11,15,Otoño,1821
12,12,Invierno,1821
1,12,Invierno,1822
2,12,Invierno,1822
3,15,Primavera,1822
4,15,Primavera,1822
5,15,Primavera,1822
6,19,Verano,1822
7,19,Verano,1822
8,19,Verano,1822
9,15,Otoño,1822
10,15,Otoño,1822
11,15,Otoño,1822
12,12,Invierno,1822
1,13,Invierno,1823
2,13,Invierno,1823
3,16,Primavera,1823
4,16,Primavera,1823
5,16,Primavera,1823
6,19,Verano,1823
7,19,Verano,1823
8,19,Verano,1823
9,16,Otoño,1823
10,16,Otoño,1823
11,16,Otoño,1823
12,13,Invierno,1823
1,13,Invierno,1824
2,13,Invierno,1824
3,16,Primavera,1824
4,16,Primavera,1824
5,16,Primavera,1824
6,19,Verano,1824
7,19,Verano,1824
8,19,Verano,1824
9,16,Otoño,1824
10,16,Otoño,1824
11,16,Otoño,1824
12,13,Invierno,1824
1,13,Invierno,1825
2,13,Invierno,1825
3,16,Primavera,1825
4,16,Primavera,1825
5,16,Primavera,1825
6,20,Verano,1825
7,20,Verano,1825
8,20,Verano,1825
9,16,Otoño,1825
10,16,Otoño,1825
11,16,Otoño,1825
12,13,Invierno,1825
1,13,Invierno,1826
2,13,Invierno,1826
3,17,Primavera,1826
4,17,Primavera,1826
5,17,Primavera,1826
6,20,Verano,1826
7,20,Verano,1826
8,20,Verano,1826
9,17,Otoño,1826
10,17,Otoño,1826
11,17,Otoño,1826
12,13,Invierno,1826
1,14,Invierno,1827
2,14,Invierno,1827
3,17,Primavera,1827
4,17,Primavera,1827
5,17,Primavera,1827
6,20,Verano,1827
7,20,Verano,1827
8,20,Verano,1827
9,17,Otoño,1827
10,17,Otoño,1827
11,17,Otoño,1827
12,14,Invierno,1827
1,14,Invierno,1828
2,14,Invierno,1828
3,17,Primavera,1828
4,17,Primavera,1828
5,17,Primavera,1828
6,21,Verano,1828
7,21,Verano,1828
8,21,Verano,1828
9,17,Otoño,1828
10,17,Otoño,1828
11,17,Otoño,1828
12,14,Invierno,1828
1,14,Invierno,1829
2,14,Invierno,1829
3,18,Primavera,1829
4,18,Primavera,1829
5,18,Primavera,1829
6,21,Verano,1829
7,21,Verano,1829
8,21,Verano,1829
9,18,Otoño,1829
10,18,Otoño,1829
11,18,Otoño,1829
12,14,Invierno,1829
1,14,Invierno,1830
2,14,Invierno,1830
3,18,Primavera,1830
4,18,Primavera,1830
5,18,Primavera,1830
6,22,Verano,1830
7,22,Verano,1830
8,22,Verano,1830
9,18,Otoño,1830
10,18,Otoño,1830
11,18,Otoño,1830
12,14,Invierno,1830
1,15,Invierno,1831
2,15,Invierno,1831
3,18,Primavera,1831
4,18,Primavera,1831
5,18,Primavera,1831
6,22,Verano,1831
7,22,Verano,1831
8,22,Verano,1831
9,18,Otoño,1831
10,18,Otoño,1831
11,18,Otoño,1831
12,15,Invierno,1831
1,15,Invierno,1832
2,15,Invierno,1832
3,19,Primavera,1832
4,19,Primavera,1832
5,19,Primavera,1832
6,23,Verano,1832
7,23,Verano,1832
8,23,Verano,1832
9,19,Otoño,1832
10,19,Otoño,1832
11,19,Otoño,1832
12,15,Invierno,1832
1,15,Invierno,1833
2,15,Invierno,1833
3,19,Primavera,1833
4,19,Primavera,1833
5,19,Primavera,1833
6,23,Verano,1833
7,23,Verano,1833
8,23,Verano,1833
9,19,Otoño,1833
10,19,Otoño,1833
11,19,Otoño,1833
12,15,Invierno,1833
1,16,Invierno,1834
2,16,Invierno,1834
3,20,Primavera,1834
4,20,Primavera,1834
5,20,Primavera,1834
6,24,Verano,1834
7,24,Verano,1834
8,24,Verano,1834
9,20,Otoño,1834
10,20,Otoño,1834
11,20,Otoño,1834
12,16,Invierno,1834
1,16,Invierno,1835
2,16,Invierno,1835
3,20,Primavera,1835
4,20,Primavera,1835
5,20,Primavera,1835
6,24,Verano,1835
7,24,Verano,1835
8,24,Verano,1835
9,20,Otoño,1835
10,20,Otoño,1835
11,20,Otoño,1835
12,16,Invierno,1835
1,16,Invierno,1836
2,16,Invierno,1836
3,20,Primavera,1836
4,20,Primavera,1836
5,20,Primavera,1836
6,24,Verano,1836
7,24,Verano,1836
8,24,Verano,1836
9,20,Otoño,1836
10,20,Otoño,1836
11,20,Otoño,1836
12,16,Invierno,1836
1,17,Invierno,1837
2,17,Invierno,1837
3,21,Primavera,1837
4,21,Primavera,1837
5,21,Primavera,1837
6,25,Verano,1837
7,25,Verano,1837
8,25,Verano,1837
9,21,Otoño,1837
10,21,Otoño,1837
11,21,Otoño,1837
12,17,Invierno,1837
1,17,Invierno,1838
2,17,Invierno,1838
3,21,Primavera,1838
4,21,Primavera,1838
5,21,Primavera,1838
6,25,Verano,1838
7,25,Verano,1838
8,25,Verano,1838
9,21,Otoño,1838
10,21,Otoño,1838
11,21,Otoño,1838
12,17,Invierno,1838
1,17,Invierno,1839
2,17,Invierno,1839
3,22,Primavera,1839
4,22,Primavera,1839
5,22,Primavera,1839
6,26,Verano,1839
7,26,Verano,1839
8,26,Verano,1839
9,22,Otoño,1839
10,22,Otoño,1839
11,22,Otoño,1839
12,17,Invierno,1839
1,18,Invierno,1840
2,18,Invierno,1840
3,22,Primavera,1840
4,22,Primavera,1840
5,22,Primavera,1840
6,26,Verano,1840
7,26,Verano,1840
8,26,Verano,1840
9,22,Otoño,1840
10,22,Otoño,1840
11,22,Otoño,1840
12,18,Invierno,1840
1,18,Invierno,1841
2,18,Invierno,1841
3,23,Primavera,1841
4,23,Primavera,1841
5,23,Primavera,1841
6,27,Verano,1841
7,27,Verano,1841
8,27,Verano,1841
9,23,Otoño,1841
10,23,Otoño,1841
11,23,Otoño,1841
12,18,Invierno,1841
1,18,Invierno,1842
2,18,Invierno,1842
3,23,Primavera,1842
4,23,Primavera,1842
5,23,Primavera,1842
6,28,Verano,1842
7,28,Verano,1842
8,28,Verano,1842
9,23,Otoño,1842
10,23,Otoño,1842
11,23,Otoño,1842
12,18,Invierno,1842
1,19,Invierno,1843
2,19,Invierno,1843
3,23,Primavera,1843
4,23,Primavera,1843
5,23,Primavera,1843
6,28,Verano,1843
7,28,Verano,1843
8,28,Verano,1843
9,23,Otoño,1843
10,23,Otoño,1843
11,23,Otoño,1843
12,19,Invierno,1843
1,19,Invierno,1844
2,19,Invierno,1844
3,24,Primavera,1844
4,24,Primavera,1844
5,24,Primavera,1844
6,29,Verano,1844
7,29,Verano,1844
8,29,Verano,1844
9,24,Otoño,1844
10,24,Otoño,1844
11,24,Otoño,1844
12,19,Invierno,1844
1,20,Invierno,1845
2,20,Invierno,1845
3,24,Primavera,1845
4,24,Primavera,1845
5,24,Primavera,1845
6,29,Verano,1845
7,29,Verano,1845
8,29,Verano,1845
9,24,Otoño,1845
10,24,Otoño,1845
11,24,Otoño,1845
12,20,Invierno,1845
1,20,Invierno,1846
2,20,Invierno,1846
3,25,Primavera,1846
4,25,Primavera,1846
5,25,Primavera,1846
6,30,Verano,1846
7,30,Verano,1846
8,30,Verano,1846
9,25,Otoño,1846
10,25,Otoño,1846
11,25,Otoño,1846
12,20,Invierno,1846
1,20,Invierno,1847
2,20,Invierno,1847
3,25,Primavera,1847
4,25,Primavera,1847
5,25,Primavera,1847
6,30,Verano,1847
7,30,Verano,1847
8,30,Verano,1847
9,25,Otoño,1847
10,25,Otoño,1847
11,25,Otoño,1847
12,20,Invierno,1847
1,21,Invierno,1848
2,21,Invierno,1848
3,26,Primavera,1848
4,26,Primavera,1848
5,26,Primavera,1848
6,31,Verano,1848
7,31,Verano,1848
8,31,Verano,1848
9,26,Otoño,1848
10,26,Otoño,1848
11,26,Otoño,1848
12,21,Invierno,1848
1,21,Invierno,1849
2,21,Invierno,1849
3,26,Primavera,1849
4,26,Primavera,1849
5,26,Primavera,1849
6,32,Verano,1849
7,32,Verano,1849
8,32,Verano,1849
9,26,Otoño,1849
10,26,Otoño,1849
11,26,Otoño,1849
12,21,Invierno,1849
1,22,Invierno,1850
2,22,Invierno,1850
3,27,Primavera,1850
4,27,Primavera,1850
5,27,Primavera,1850
6,32,Verano,1850
7,32,Verano,1850
8,32,Verano,1850
9,27,Otoño,1850
10,27,Otoño,1850
11,27,Otoño,1850
12,22,Invierno,1850
1,22,Invierno,1851
2,22,Invierno,1851
3,27,Primavera,1851
4,27,Primavera,1851
5,27,Primavera,1851
6,33,Verano,1851
7,33,Verano,1851
8,33,Verano,1851
9,27,Otoño,1851
10,27,Otoño,1851
11,27,Otoño,1851
12,22,Invierno,1851
1,22,Invierno,1852
2,22,Invierno,1852
3,28,Primavera,1852
4,28,Primavera,1852
5,28,Primavera,1852
6,34,Verano,1852
7,34,Verano,1852
8,34,Verano,1852
9,28,Otoño,1852
10,28,Otoño,1852
11,28,Otoño,1852
12,22,Invierno,1852
1,23,Invierno,1853
2,23,Invierno,1853
3,29,Primavera,1853
4,29,Primavera,1853
5,29,Primavera,1853
6,34,Verano,1853
7,34,Verano,1853
8,34,Verano,1853
9,29,Otoño,1853
10,29,Otoño,1853
11,29,Otoño,1853
12,23,Invierno,1853
1,23,Invierno,1854
2,23,Invierno,1854
3,29,Primavera,1854
4,29,Primavera,1854
5,29,Primavera,1854
6,35,Verano,1854
7,35,Verano,1854
8,35,Verano,1854
9,29,Otoño,1854
10,29,Otoño,1854
11,29,Otoño,1854
12,23,Invierno,1854
1,24,Invierno,1855
2,24,Invierno,1855
3,30,Primavera,1855
4,30,Primavera,1855
5,30,Primavera,1855
6,36,Verano,1855
7,36,Verano,1855
8,36,Verano,1855
9,30,Otoño,1855
10,30,Otoño,1855
11,30,Otoño,1855
12,24,Invierno,1855
1,24,Invierno,1856
2,24,Invierno,1856
3,30,Primavera,1856
4,30,Primavera,1856
5,30,Primavera,1856
6,36,Verano,1856
7,36,Verano,1856
8,36,Verano,1856
9,30,Otoño,1856
10,30,Otoño,1856
11,30,Otoño,1856
12,24,Invierno,1856
1,25,Invierno,1857
2,25,Invierno,1857
3,31,Primavera,1857
4,31,Primavera,1857
5,31,Primavera,1857
6,37,Verano,1857
7,37,Verano,1857
8,37,Verano,1857
9,31,Otoño,1857
10,31,Otoño,1857
11,31,Otoño,1857
12,25,Invierno,1857
1,25,Invierno,1858
2,25,Invierno,1858
3,32,Primavera,1858
4,32,Primavera,1858
5,32,Primavera,1858
6,38,Verano,1858
7,38,Verano,1858
8,38,Verano,1858
9,32,Otoño,1858
10,32,Otoño,1858
11,32,Otoño,1858
12,25,Invierno,1858
1,26,Invierno,1859
2,26,Invierno,1859
3,32,Primavera,1859
4,32,Primavera,1859
5,32,Primavera,1859
6,39,Verano,1859
7,39,Verano,1859
8,39,Verano,1859
9,32,Otoño,1859
10,32,Otoño,1859
11,32,Otoño,1859
12,26,Invierno,1859
1,26,Invierno,1860
2,26,Invierno,1860
3,33,Primavera,1860
4,33,Primavera,1860
5,33,Primavera,1860
6,39,Verano,1860
7,39,Verano,1860
8,39,Verano,1860
9,33,Otoño,1860
10,33,Otoño,1860
11,33,Otoño,1860
12,26,Invierno,1860
1,27,Invierno,1861
2,27,Invierno,1861
3,33,Primavera,1861
4,33,Primavera,1861
5,33,Primavera,1861
6,40,Verano,1861
7,40,Verano,1861
8,40,Verano,1861
9,33,Otoño,1861
10,33,Otoño,1861
11,33,Otoño,1861
12,27,Invierno,1861
1,27,Invierno,1862
2,27,Invierno,1862
3,34,Primavera,1862
4,34,Primavera,1862
5,34,Primavera,1862
6,41,Verano,1862
7,41,Verano,1862
8,41,Verano,1862
9,34,Otoño,1862
10,34,Otoño,1862
11,34,Otoño,1862
12,27,Invierno,1862
1,28,Invierno,1863
2,28,Invierno,1863
3,35,Primavera,1863
4,35,Primavera,1863
5,35,Primavera,1863
6,42,Verano,1863
7,42,Verano,1863
8,42,Verano,1863
9,35,Otoño,1863
10,35,Otoño,1863
11,35,Otoño,1863
12,28,Invierno,1863
1,28,Invierno,1864
2,28,Invierno,1864
3,36,Primavera,1864
4,36,Primavera,1864
5,36,Primavera,1864
6,43,Verano,1864
7,43,Verano,1864
8,43,Verano,1864
9,36,Otoño,1864
10,36,Otoño,1864
11,36,Otoño,1864
12,28,Invierno,1864
1,29,Invierno,1865
2,29,Invierno,1865
3,36,Primavera,1865
4,36,Primavera,1865
5,36,Primavera,1865
6,43,Verano,1865
7,43,Verano,1865
8,43,Verano,1865
9,36,Otoño,1865
10,36,Otoño,1865
11,36,Otoño,1865
12,29,Invierno,1865
1,30,Invierno,1866
2,30,Invierno,1866
3,37,Primavera,1866
4,37,Primavera,1866
5,37,Primavera,1866
6,44,Verano,1866
7,44,Verano,1866
8,44,Verano,1866
9,37,Otoño,1866
10,37,Otoño,1866
11,37,Otoño,1866
12,30,Invierno,1866
1,30,Invierno,1867
2,30,Invierno,1867
3,38,Primavera,1867
4,38,Primavera,1867
5,38,Primavera,1867
6,45,Verano,1867
7,45,Verano,1867
8,45,Verano,1867
9,38,Otoño,1867
10,38,Otoño,1867
11,38,Otoño,1867
12,30,Invierno,1867
1,31,Invierno,1868
2,31,Invierno,1868
3,38,Primavera,1868
4,38,Primavera,1868
5,38,Primavera,1868
6,46,Verano,1868
7,46,Verano,1868
8,46,Verano,1868
9,38,Otoño,1868
10,38,Otoño,1868
11,38,Otoño,1868
12,31,Invierno,1868
1,31,Invierno,1869
2,31,Invierno,1869
3,39,Primavera,1869
4,39,Primavera,1869
5,39,Primavera,1869
6,47,Verano,1869
7,47,Verano,1869
8,47,Verano,1869
9,39,Otoño,1869
10,39,Otoño,1869
11,39,Otoño,1869
12,31,Invierno,1869
1,32,Invierno,1870
2,32,Invierno,1870
3,40,Primavera,1870
4,40,Primavera,1870
5,40,Primavera,1870
6,48,Verano,1870
7,48,Verano,1870
8,48,Verano,1870
9,40,Otoño,1870
10,40,Otoño,1870
11,40,Otoño,1870
12,32,Invierno,1870
1,33,Invierno,1871
2,33,Invierno,1871
3,41,Primavera,1871
4,41,Primavera,1871
5,41,Primavera,1871
6,49,Verano,1871
7,49,Verano,1871
8,49,Verano,1871
9,41,Otoño,1871
10,41,Otoño,1871
11,41,Otoño,1871
12,33,Invierno,1871
1,33,Invierno,1872
2,33,Invierno,1872
3,42,Primavera,1872
4,42,Primavera,1872
5,42,Primavera,1872
6,50,Verano,1872
7,50,Verano,1872
8,50,Verano,1872
9,42,Otoño,1872
10,42,Otoño,1872
11,42,Otoño,1872
12,33,Invierno,1872
1,34,Invierno,1873
2,34,Invierno,1873
3,42,Primavera,1873
4,42,Primavera,1873
5,42,Primavera,1873
6,51,Verano,1873
7,51,Verano,1873
8,51,Verano,1873
9,42,Otoño,1873
10,42,Otoño,1873
11,42,Otoño,1873
12,34,Invierno,1873
1,35,Invierno,1874
2,35,Invierno,1874
3,43,Primavera,1874
4,43,Primavera,1874
5,43,Primavera,1874
6,52,Verano,1874
7,52,Verano,1874
8,52,Verano,1874
9,43,Otoño,1874
10,43,Otoño,1874
11,43,Otoño,1874
12,35,Invierno,1874
1,35,Invierno,1875
2,35,Invierno,1875
3,44,Primavera,1875
4,44,Primavera,1875
5,44,Primavera,1875
6,53,Verano,1875
7,53,Verano,1875
8,53,Verano,1875
9,44,Otoño,1875
10,44,Otoño,1875
11,44,Otoño,1875
12,35,Invierno,1875
1,36,Invierno,1876
2,36,Invierno,1876
3,45,Primavera,1876
4,45,Primavera,1876
5,45,Primavera,1876
6,54,Verano,1876
7,54,Verano,1876
8,54,Verano,1876
9,45,Otoño,1876
10,45,Otoño,1876
11,45,Otoño,1876
12,36,Invierno,1876
1,37,Invierno,1877
2,37,Invierno,1877
3,46,Primavera,1877
4,46,Primavera,1877
5,46,Primavera,1877
6,55,Verano,1877
7,55,Verano,1877
8,55,Verano,1877
9,46,Otoño,1877
10,46,Otoño,1877
11,46,Otoño,1877
12,37,Invierno,1877
1,37,Invierno,1878
2,37,Invierno,1878
3,47,Primavera,1878
4,47,Primavera,1878
5,47,Primavera,1878
6,56,Verano,1878
7,56,Verano,1878
8,56,Verano,1878
9,47,Otoño,1878
10,47,Otoño,1878
11,47,Otoño,1878
12,37,Invierno,1878
1,38,Invierno,1879
2,38,Invierno,1879
3,48,Primavera,1879
4,48,Primavera,1879
5,48,Primavera,1879
6,57,Verano,1879
7,57,Verano,1879
8,57,Verano,1879
9,48,Otoño,1879
10,48,Otoño,1879
11,48,Otoño,1879
12,38,Invierno,1879
1,39,Invierno,1880
2,39,Invierno,1880
3,49,Primavera,1880
4,49,Primavera,1880
5,49,Primavera,1880
6,59,Verano,1880
7,59,Verano,1880
8,59,Verano,1880
9,49,Otoño,1880
10,49,Otoño,1880
11,49,Otoño,1880
12,39,Invierno,1880
1,40,Invierno,1881
2,40,Invierno,1881
3,50,Primavera,1881
4,50,Primavera,1881
5,50,Primavera,1881
6,60,Verano,1881
7,60,Verano,1881
8,60,Verano,1881
9,50,Otoño,1881
10,50,Otoño,1881
11,50,Otoño,1881
12,40,Invierno,1881
1,41,Invierno,1882
2,41,Invierno,1882
3,51,Primavera,1882
4,51,Primavera,1882
5,51,Primavera,1882
6,61,Verano,1882
7,61,Verano,1882
8,61,Verano,1882
9,51,Otoño,1882
10,51,Otoño,1882
11,51,Otoño,1882
12,41,Invierno,1882
1,41,Invierno,1883
2,41,Invierno,1883
3,52,Primavera,1883
4,52,Primavera,1883
5,52,Primavera,1883
6,62,Verano,1883
7,62,Verano,1883
8,62,Verano,1883
9,52,Otoño,1883
10,52,Otoño,1883
11,52,Otoño,1883
12,41,Invierno,1883
1,42,Invierno,1884
2,42,Invierno,1884
3,53,Primavera,1884
4,53,Primavera,1884
5,53,Primavera,1884
6,63,Verano,1884
7,63,Verano,1884
8,63,Verano,1884
9,53,Otoño,1884
10,53,Otoño,1884
11,53,Otoño,1884
12,42,Invierno,1884
1,43,Invierno,1885
2,43,Invierno,1885
3,54,Primavera,1885
4,54,Primavera,1885
5,54,Primavera,1885
6,65,Verano,1885
7,65,Verano,1885
8,65,Verano,1885
9,54,Otoño,1885
10,54,Otoño,1885
11,54,Otoño,1885
12,43,Invierno,1885
1,44,Invierno,1886
2,44,Invierno,1886
3,55,Primavera,1886
4,55,Primavera,1886
5,55,Primavera,1886
6,66,Verano,1886
7,66,Verano,1886
8,66,Verano,1886
9,55,Otoño,1886
10,55,Otoño,1886
11,55,Otoño,1886
12,44,Invierno,1886
1,45,Invierno,1887
2,45,Invierno,1887
3,56,Primavera,1887
4,56,Primavera,1887
5,56,Primavera,1887
6,67,Verano,1887
7,67,Verano,1887
8,67,Verano,1887
9,56,Otoño,1887
10,56,Otoño,1887
11,56,Otoño,1887
12,45,Invierno,1887
1,46,Invierno,1888
2,46,Invierno,1888
3,57,Primavera,1888
4,57,Primavera,1888
5,57,Primavera,1888
6,69,Verano,1888
7,69,Verano,1888
8,69,Verano,1888
9,57,Otoño,1888
10,57,Otoño,1888
11,57,Otoño,1888
12,46,Invierno,1888
1,47,Invierno,1889
2,47,Invierno,1889
3,58,Primavera,1889
4,58,Primavera,1889
5,58,Primavera,1889
6,70,Verano,1889
7,70,Verano,1889
8,70,Verano,1889
9,58,Otoño,1889
10,58,Otoño,1889
11,58,Otoño,1889
12,47,Invierno,1889
1,48,Invierno,1890
2,48,Invierno,1890
3,59,Primavera,1890
4,59,Primavera,1890
5,59,Primavera,1890
6,71,Verano,1890
7,71,Verano,1890
8,71,Verano,1890
9,59,Otoño,1890
10,59,Otoño,1890
11,59,Otoño,1890
12,48,Invierno,1890
1,48,Invierno,1891
2,48,Invierno,1891
3,61,Primavera,1891
4,61,Primavera,1891
5,61,Primavera,1891
6,73,Verano,1891
7,73,Verano,1891
8,73,Verano,1891
9,61,Otoño,1891
10,61,Otoño,1891
11,61,Otoño,1891
12,48,Invierno,1891
1,49,Invierno,1892
2,49,Invierno,1892
3,62,Primavera,1892
4,62,Primavera,1892
5,62,Primavera,1892
6,74,Verano,1892
7,74,Verano,1892
8,74,Verano,1892
9,62,Otoño,1892
10,62,Otoño,1892
11,62,Otoño,1892
12,49,Invierno,1892
1,50,Invierno,1893
2,50,Invierno,1893
3,63,Primavera,1893
4,63,Primavera,1893
5,63,Primavera,1893
6,76,Verano,1893
7,76,Verano,1893
8,76,Verano,1893
9,63,Otoño,1893
10,63,Otoño,1893
11,63,Otoño,1893
12,50,Invierno,1893
1,51,Invierno,1894
2,51,Invierno,1894
3,64,Primavera,1894
4,64,Primavera,1894
5,64,Primavera,1894
6,77,Verano,1894
7,77,Verano,1894
8,77,Verano,1894
9,64,Otoño,1894
10,64,Otoño,1894
11,64,Otoño,1894
12,51,Invierno,1894
1,52,Invierno,1895
2,52,Invierno,1895
3,66,Primavera,1895
4,66,Primavera,1895
5,66,Primavera,1895
6,79,Verano,1895
7,79,Verano,1895
8,79,Verano,1895
9,66,Otoño,1895
10,66,Otoño,1895
11,66,Otoño,1895
12,52,Invierno,1895
1,54,Invierno,1896
2,54,Invierno,1896
3,67,Primavera,1896
4,67,Primavera,1896
5,67,Primavera,1896
6,80,Verano,1896
7,80,Verano,1896
8,80,Verano,1896
9,67,Otoño,1896
10,67,Otoño,1896
11,67,Otoño,1896
12,54,Invierno,1896
1,55,Invierno,1897
2,55,Invierno,1897
3,68,Primavera,1897
4,68,Primavera,1897
5,68,Primavera,1897
6,82,Verano,1897
7,82,Verano,1897
8,82,Verano,1897
9,68,Otoño,1897
10,68,Otoño,1897
11,68,Otoño,1897
12,55,Invierno,1897
1,56,Invierno,1898
2,56,Invierno,1898
3,70,Primavera,1898
4,70,Primavera,1898
5,70,Primavera,1898
6,84,Verano,1898
7,84,Verano,1898
8,84,Verano,1898
9,70,Otoño,1898
10,70,Otoño,1898
11,70,Otoño,1898
12,56,Invierno,1898
1,57,Invierno,1899
2,57,Invierno,1899
3,71,Primavera,1899
4,71,Primavera,1899
5,71,Primavera,1899
6,85,Verano,1899
7,85,Verano,1899
8,85,Verano,1899
9,71,Otoño,1899
10,71,Otoño,1899
11,71,Otoño,1899
12,57,Invierno,1899
1,58,Invierno,1900
2,58,Invierno,1900
3,72,Primavera,1900
4,72,Primavera,1900
5,72,Primavera,1900
6,87,Verano,1900
7,87,Verano,1900
8,87,Verano,1900
9,72,Otoño,1900
10,72,Otoño,1900
11,72,Otoño,1900
12,58,Invierno,1900
1,59,Invierno,1901
2,59,Invierno,1901
3,74,Primavera,1901
4,74,Primavera,1901
5,74,Primavera,1901
6,89,Verano,1901
7,89,Verano,1901
8,89,Verano,1901
9,74,Otoño,1901
10,74,Otoño,1901
11,74,Otoño,1901
12,59,Invierno,1901
1,60,Invierno,1902
2,60,Invierno,1902
3,75,Primavera,1902
4,75,Primavera,1902
5,75,Primavera,1902
6,90,Verano,1902
7,90,Verano,1902
8,90,Verano,1902
9,75,Otoño,1902
10,75,Otoño,1902
11,75,Otoño,1902
12,60,Invierno,1902
1,62,Invierno,1903
2,62,Invierno,1903
3,77,Primavera,1903
4,77,Primavera,1903
5,77,Primavera,1903
6,92,Verano,1903
7,92,Verano,1903
8,92,Verano,1903
9,77,Otoño,1903
10,77,Otoño,1903
11,77,Otoño,1903
12,62,Invierno,1903
1,63,Invierno,1904
2,63,Invierno,1904
3,78,Primavera,1904
4,78,Primavera,1904
5,78,Primavera,1904
6,94,Verano,1904
7,94,Verano,1904
8,94,Verano,1904
9,78,Otoño,1904
10,78,Otoño,1904
11,78,Otoño,1904
12,63,Invierno,1904
1,64,Invierno,1905
2,64,Invierno,1905
3,80,Primavera,1905
4,80,Primavera,1905
5,80,Primavera,1905
6,96,Verano,1905
7,96,Verano,1905
8,96,Verano,1905
9,80,Otoño,1905
10,80,Otoño,1905
11,80,Otoño,1905
12,64,Invierno,1905
1,65,Invierno,1906
2,65,Invierno,1906
3,82,Primavera,1906
4,82,Primavera,1906
5,82,Primavera,1906
6,98,Verano,1906
7,98,Verano,1906
8,98,Verano,1906
9,82,Otoño,1906
10,82,Otoño,1906
11,82,Otoño,1906
12,65,Invierno,1906
1,67,Invierno,1907
2,67,Invierno,1907
3,83,Primavera,1907
4,83,Primavera,1907
5,83,Primavera,1907
6,100,Verano,1907
7,100,Verano,1907
8,100,Verano,1907
9,83,Otoño,1907
10,83,Otoño,1907
11,83,Otoño,1907
12,67,Invierno,1907
1,68,Invierno,1908
2,68,Invierno,1908
3,85,Primavera,1908
4,85,Primavera,1908
5,85,Primavera,1908
6,102,Verano,1908
7,102,Verano,1908
8,102,Verano,1908
9,85,Otoño,1908
10,85,Otoño,1908
11,85,Otoño,1908
12,68,Invierno,1908
1,69,Invierno,1909
2,69,Invierno,1909
3,87,Primavera,1909
4,87,Primavera,1909
5,87,Primavera,1909
6,104,Verano,1909
7,104,Verano,1909
8,104,Verano,1909
9,87,Otoño,1909
10,87,Otoño,1909
11,87,Otoño,1909
12,69,Invierno,1909
1,71,Invierno,1910
2,71,Invierno,1910
3,88,Primavera,1910
4,88,Primavera,1910
5,88,Primavera,1910
6,106,Verano,1910
7,106,Verano,1910
8,106,Verano,1910
9,88,Otoño,1910
10,88,Otoño,1910
11,88,Otoño,1910
12,71,Invierno,1910
1,72,Invierno,1911
2,72,Invierno,1911
3,90,Primavera,1911
4,90,Primavera,1911
5,90,Primavera,1911
6,108,Verano,1911
7,108,Verano,1911
8,108,Verano,1911
9,90,Otoño,1911
10,90,Otoño,1911
11,90,Otoño,1911
12,72,Invierno,1911
1,74,Invierno,1912
2,74,Invierno,1912
3,92,Primavera,1912
4,92,Primavera,1912
5,92,Primavera,1912
6,110,Verano,1912
7,110,Verano,1912
8,110,Verano,1912
9,92,Otoño,1912
10,92,Otoño,1912
11,92,Otoño,1912
12,74,Invierno,1912
1,75,Invierno,1913
2,75,Invierno,1913
3,94,Primavera,1913
4,94,Primavera,1913
5,94,Primavera,1913
6,112,Verano,1913
7,112,Verano,1913
8,112,Verano,1913
9,94,Otoño,1913
10,94,Otoño,1913
11,94,Otoño,1913
12,75,Invierno,1913
1,76,Invierno,1914
2,76,Invierno,1914
3,96,Primavera,1914
4,96,Primavera,1914
5,96,Primavera,1914
6,115,Verano,1914
7,115,Verano,1914
8,115,Verano,1914
9,96,Otoño,1914
10,96,Otoño,1914
11,96,Otoño,1914
12,76,Invierno,1914
1,78,Invierno,1915
2,78,Invierno,1915
3,98,Primavera,1915
4,98,Primavera,1915
5,98,Primavera,1915
6,117,Verano,1915
7,117,Verano,1915
8,117,Verano,1915
9,98,Otoño,1915
10,98,Otoño,1915
11,98,Otoño,1915
12,78,Invierno,1915
1,80,Invierno,1916
2,80,Invierno,1916
3,99,Primavera,1916
4,99,Primavera,1916
5,99,Primavera,1916
6,119,Verano,1916
7,119,Verano,1916
8,119,Verano,1916
9,99,Otoño,1916
10,99,Otoño,1916
11,99,Otoño,1916
12,80,Invierno,1916
1,81,Invierno,1917
2,81,Invierno,1917
3,101,Primavera,1917
4,101,Primavera,1917
5,101,Primavera,1917
6,122,Verano,1917
7,122,Verano,1917
8,122,Verano,1917
9,101,Otoño,1917
10,101,Otoño,1917
11,101,Otoño,1917
12,81,Invierno,1917
1,83,Invierno,1918
2,83,Invierno,1918
3,103,Primavera,1918
4,103,Primavera,1918
5,103,Primavera,1918
6,124,Verano,1918
7,124,Verano,1918
8,124,Verano,1918
9,103,Otoño,1918
10,103,Otoño,1918
11,103,Otoño,1918
12,83,Invierno,1918
1,84,Invierno,1919
2,84,Invierno,1919
3,106,Primavera,1919
4,106,Primavera,1919
5,106,Primavera,1919
6,127,Verano,1919
7,127,Verano,1919
8,127,Verano,1919
9,106,Otoño,1919
10,106,Otoño,1919
11,106,Otoño,1919
12,84,Invierno,1919
1,86,Invierno,1920
2,86,Invierno,1920
3,108,Primavera,1920
4,108,Primavera,1920
5,108,Primavera,1920
6,129,Verano,1920
7,129,Verano,1920
8,129,Verano,1920
9,108,Otoño,1920
10,108,Otoño,1920
11,108,Otoño,1920
12,86,Invierno,1920
1,88,Invierno,1921
2,88,Invierno,1921
3,110,Primavera,1921
4,110,Primavera,1921
5,110,Primavera,1921
6,132,Verano,1921
7,132,Verano,1921
8,132,Verano,1921
9,110,Otoño,1921
10,110,Otoño,1921
11,110,Otoño,1921
12,88,Invierno,1921
1,90,Invierno,1922
2,90,Invierno,1922
3,112,Primavera,1922
4,112,Primavera,1922
5,112,Primavera,1922
6,134,Verano,1922
7,134,Verano,1922
8,134,Verano,1922
9,112,Otoño,1922
10,112,Otoño,1922
11,112,Otoño,1922
12,90,Invierno,1922
1,91,Invierno,1923
2,91,Invierno,1923
3,114,Primavera,1923
4,114,Primavera,1923
5,114,Primavera,1923
6,137,Verano,1923
7,137,Verano,1923
8,137,Verano,1923
9,114,Otoño,1923
10,114,Otoño,1923
11,114,Otoño,1923
12,91,Invierno,1923
1,93,Invierno,1924
2,93,Invierno,1924
3,117,Primavera,1924
4,117,Primavera,1924
5,117,Primavera,1924
6,140,Verano,1924
7,140,Verano,1924
8,140,Verano,1924
9,117,Otoño,1924
10,117,Otoño,1924
11,117,Otoño,1924
12,93,Invierno,1924
1,95,Invierno,1925
2,95,Invierno,1925
3,119,Primavera,1925
4,119,Primavera,1925
5,119,Primavera,1925
6,143,Verano,1925
7,143,Verano,1925
8,143,Verano,1925
9,119,Otoño,1925
10,119,Otoño,1925
11,119,Otoño,1925
12,95,Invierno,1925
1,97,Invierno,1926
2,97,Invierno,1926
3,121,Primavera,1926
4,121,Primavera,1926
5,121,Primavera,1926
6,145,Verano,1926
7,145,Verano,1926
8,145,Verano,1926
9,121,Otoño,1926
10,121,Otoño,1926
11,121,Otoño,1926
12,97,Invierno,1926
1,99,Invierno,1927
2,99,Invierno,1927
3,124,Primavera,1927
4,124,Primavera,1927
5,124,Primavera,1927
6,148,Verano,1927
7,148,Verano,1927
8,148,Verano,1927
9,124,Otoño,1927
10,124,Otoño,1927
11,124,Otoño,1927
12,99,Invierno,1927
1,101,Invierno,1928
2,101,Invierno,1928
3,126,Primavera,1928
4,126,Primavera,1928
5,126,Primavera,1928
6,151,Verano,1928
7,151,Verano,1928
8,151,Verano,1928
9,126,Otoño,1928
10,126,Otoño,1928
11,126,Otoño,1928
12,101,Invierno,1928
1,103,Invierno,1929
2,103,Invierno,1929
3,129,Primavera,1929
4,129,Primavera,1929
5,129,Primavera,1929
6,154,Verano,1929
7,154,Verano,1929
8,154,Verano,1929
9,129,Otoño,1929
10,129,Otoño,1929
11,129,Otoño,1929
12,103,Invierno,1929
1,105,Invierno,1930
2,105,Invierno,1930
3,131,Primavera,1930
4,131,Primavera,1930
5,131,Primavera,1930
6,157,Verano,1930
7,157,Verano,1930
8,157,Verano,1930
9,131,Otoño,1930
10,131,Otoño,1930
11,131,Otoño,1930
12,105,Invierno,1930
1,107,Invierno,1931
2,107,Invierno,1931
3,134,Primavera,1931
4,134,Primavera,1931
5,134,Primavera,1931
6,161,Verano,1931
7,161,Verano,1931
8,161,Verano,1931
9,134,Otoño,1931
10,134,Otoño,1931
11,134,Otoño,1931
12,107,Invierno,1931
1,109,Invierno,1932
2,109,Invierno,1932
3,137,Primavera,1932
4,137,Primavera,1932
5,137,Primavera,1932
6,164,Verano,1932
7,164,Verano,1932
8,164,Verano,1932
9,137,Otoño,1932
10,137,Otoño,1932
11,137,Otoño,1932
12,109,Invierno,1932
1,111,Invierno,1933
2,111,Invierno,1933
3,139,Primavera,1933
4,139,Primavera,1933
5,139,Primavera,1933
6,167,Verano,1933
7,167,Verano,1933
8,167,Verano,1933
9,139,Otoño,1933
10,139,Otoño,1933
11,139,Otoño,1933
12,111,Invierno,1933
1,114,Invierno,1934
2,114,Invierno,1934
3,142,Primavera,1934
4,142,Primavera,1934
5,142,Primavera,1934
6,170,Verano,1934
7,170,Verano,1934
8,170,Verano,1934
9,142,Otoño,1934
10,142,Otoño,1934
11,142,Otoño,1934
12,114,Invierno,1934
1,116,Invierno,1935
2,116,Invierno,1935
3,145,Primavera,1935
4,145,Primavera,1935
5,145,Primavera,1935
6,174,Verano,1935
7,174,Verano,1935
8,174,Verano,1935
9,145,Otoño,1935
10,145,Otoño,1935
11,145,Otoño,1935
12,116,Invierno,1935
1,118,Invierno,1936
2,118,Invierno,1936
3,148,Primavera,1936
4,148,Primavera,1936
5,148,Primavera,1936
6,177,Verano,1936
7,177,Verano,1936
8,177,Verano,1936
9,148,Otoño,1936
10,148,Otoño,1936
11,148,Otoño,1936
12,118,Invierno,1936
1,121,Invierno,1937
2,121,Invierno,1937
3,151,Primavera,1937
4,151,Primavera,1937
5,151,Primavera,1937
6,181,Verano,1937
7,181,Verano,1937
8,181,Verano,1937
9,151,Otoño,1937
10,151,Otoño,1937
11,151,Otoño,1937
12,121,Invierno,1937
1,123,Invierno,1938
2,123,Invierno,1938
3,154,Primavera,1938
4,154,Primavera,1938
5,154,Primavera,1938
6,185,Verano,1938
7,185,Verano,1938
8,185,Verano,1938
9,154,Otoño,1938
10,154,Otoño,1938
11,154,Otoño,1938
12,123,Invierno,1938
1,125,Invierno,1939
2,125,Invierno,1939
3,157,Primavera,1939
4,157,Primavera,1939
5,157,Primavera,1939
6,188,Verano,1939
7,188,Verano,1939
8,188,Verano,1939
9,157,Otoño,1939
10,157,Otoño,1939
11,157,Otoño,1939
12,125,Invierno,1939
1,128,Invierno,1940
2,128,Invierno,1940
3,160,Primavera,1940
4,160,Primavera,1940
5,160,Primavera,1940
6,192,Verano,1940
7,192,Verano,1940
8,192,Verano,1940
9,160,Otoño,1940
10,160,Otoño,1940
11,160,Otoño,1940
12,128,Invierno,1940
1,131,Invierno,1941
2,131,Invierno,1941
3,163,Primavera,1941
4,163,Primavera,1941
5,163,Primavera,1941
6,196,Verano,1941
7,196,Verano,1941
8,196,Verano,1941
9,163,Otoño,1941
10,163,Otoño,1941
11,163,Otoño,1941
12,131,Invierno,1941
1,133,Invierno,1942
2,133,Invierno,1942
3,166,Primavera,1942
4,166,Primavera,1942
5,166,Primavera,1942
6,200,Verano,1942
7,200,Verano,1942
8,200,Verano,1942
9,166,Otoño,1942
10,166,Otoño,1942
11,166,Otoño,1942
12,133,Invierno,1942
1,136,Invierno,1943
2,136,Invierno,1943
3,170,Primavera,1943
4,170,Primavera,1943
5,170,Primavera,1943
6,204,Verano,1943
7,204,Verano,1943
8,204,Verano,1943
9,170,Otoño,1943
10,170,Otoño,1943
11,170,Otoño,1943
12,136,Invierno,1943
1,139,Invierno,1944
2,139,Invierno,1944
3,173,Primavera,1944
4,173,Primavera,1944
5,173,Primavera,1944
6,208,Verano,1944
7,208,Verano,1944
8,208,Verano,1944
9,173,Otoño,1944
10,173,Otoño,1944
11,173,Otoño,1944
12,139,Invierno,1944
1,141,Invierno,1945
2,141,Invierno,1945
3,177,Primavera,1945
4,177,Primavera,1945
5,177,Primavera,1945
6,212,Verano,1945
7,212,Verano,1945
8,212,Verano,1945
9,177,Otoño,1945
10,177,Otoño,1945
11,177,Otoño,1945
12,141,Invierno,1945
1,144,Invierno,1946
2,144,Invierno,1946
3,180,Primavera,1946
4,180,Primavera,1946
5,180,Primavera,1946
6,216,Verano,1946
7,216,Verano,1946
8,216,Verano,1946
9,180,Otoño,1946
10,180,Otoño,1946
11,180,Otoño,1946
12,144,Invierno,1946
1,147,Invierno,1947
2,147,Invierno,1947
3,184,Primavera,1947
4,184,Primavera,1947
5,184,Primavera,1947
6,220,Verano,1947
7,220,Verano,1947
8,220,Verano,1947
9,184,Otoño,1947
10,184,Otoño,1947
11,184,Otoño,1947
12,147,Invierno,1947
1,150,Invierno,1948
2,150,Invierno,1948
3,187,Primavera,1948
4,187,Primavera,1948
5,187,Primavera,1948
6,225,Verano,1948
7,225,Verano,1948
8,225,Verano,1948
9,187,Otoño,1948
10,187,Otoño,1948
11,187,Otoño,1948
12,150,Invierno,1948
1,153,Invierno,1949
2,153,Invierno,1949
3,191,Primavera,1949
4,191,Primavera,1949
5,191,Primavera,1949
6,229,Verano,1949
7,229,Verano,1949
8,229,Verano,1949
9,191,Otoño,1949
10,191,Otoño,1949
11,191,Otoño,1949
12,153,Invierno,1949
1,156,Invierno,1950
2,156,Invierno,1950
3,195,Primavera,1950
4,195,Primavera,1950
5,195,Primavera,1950
6,234,Verano,1950
7,234,Verano,1950
8,234,Verano,1950
9,195,Otoño,1950
10,195,Otoño,1950
11,195,Otoño,1950
12,156,Invierno,1950
1,159,Invierno,1951
2,159,Invierno,1951
3,199,Primavera,1951
4,199,Primavera,1951
5,199,Primavera,1951
6,239,Verano,1951
7,239,Verano,1951
8,239,Verano,1951
9,199,Otoño,1951
10,199,Otoño,1951
11,199,Otoño,1951
12,159,Invierno,1951
1,162,Invierno,1952
2,162,Invierno,1952
3,203,Primavera,1952
4,203,Primavera,1952
5,203,Primavera,1952
6,243,Verano,1952
7,243,Verano,1952
8,243,Verano,1952
9,203,Otoño,1952
10,203,Otoño,1952
11,203,Otoño,1952
12,162,Invierno,1952
1,166,Invierno,1953
2,166,Invierno,1953
3,207,Primavera,1953
4,207,Primavera,1953
5,207,Primavera,1953
6,248,Verano,1953
7,248,Verano,1953
8,248,Verano,1953
9,207,Otoño,1953
10,207,Otoño,1953
11,207,Otoño,1953
12,166,Invierno,1953
1,169,Invierno,1954
2,169,Invierno,1954
3,211,Primavera,1954
4,211,Primavera,1954
5,211,Primavera,1954
6,253,Verano,1954
7,253,Verano,1954
8,253,Verano,1954
9,211,Otoño,1954
10,211,Otoño,1954
11,211,Otoño,1954
12,169,Invierno,1954
1,172,Invierno,1955
2,172,Invierno,1955
3,215,Primavera,1955
4,215,Primavera,1955
5,215,Primavera,1955
6,258,Verano,1955
7,258,Verano,1955
8,258,Verano,1955
9,215,Otoño,1955
10,215,Otoño,1955
11,215,Otoño,1955
12,172,Invierno,1955
1,176,Invierno,1956
2,176,Invierno,1956
3,220,Primavera,1956
4,220,Primavera,1956
5,220,Primavera,1956
6,264,Verano,1956
7,264,Verano,1956
8,264,Verano,1956
9,220,Otoño,1956
10,220,Otoño,1956
11,220,Otoño,1956
12,176,Invierno,1956
1,179,Invierno,1957
2,179,Invierno,1957
3,224,Primavera,1957
4,224,Primavera,1957
5,224,Primavera,1957
6,269,Verano,1957
7,269,Verano,1957
8,269,Verano,1957
9,224,Otoño,1957
10,224,Otoño,1957
11,224,Otoño,1957
12,179,Invierno,1957
1,183,Invierno,1958
2,183,Invierno,1958
3,228,Primavera,1958
4,228,Primavera,1958
5,228,Primavera,1958
6,274,Verano,1958
7,274,Verano,1958
8,274,Verano,1958
9,228,Otoño,1958
10,228,Otoño,1958
11,228,Otoño,1958
12,183,Invierno,1958
1,186,Invierno,1959
2,186,Invierno,1959
3,233,Primavera,1959
4,233,Primavera,1959
5,233,Primavera,1959
6,280,Verano,1959
7,280,Verano,1959
8,280,Verano,1959
9,233,Otoño,1959
10,233,Otoño,1959
11,233,Otoño,1959
12,186,Invierno,1959
1,190,Invierno,1960
2,190,Invierno,1960
3,238,Primavera,1960
4,238,Primavera,1960
5,238,Primavera,1960
6,285,Verano,1960
7,285,Verano,1960
8,285,Verano,1960
9,238,Otoño,1960
10,238,Otoño,1960
11,238,Otoño,1960
12,190,Invierno,1960
1,194,Invierno,1961
2,194,Invierno,1961
3,242,Primavera,1961
4,242,Primavera,1961
5,242,Primavera,1961
6,291,Verano,1961
7,291,Verano,1961
8,291,Verano,1961
9,242,Otoño,1961
10,242,Otoño,1961
11,242,Otoño,1961
12,194,Invierno,1961
1,198,Invierno,1962
2,198,Invierno,1962
3,247,Primavera,1962
4,247,Primavera,1962
5,247,Primavera,1962
6,297,Verano,1962
7,297,Verano,1962
8,297,Verano,1962
9,247,Otoño,1962
10,247,Otoño,1962
11,247,Otoño,1962
12,198,Invierno,1962
1,202,Invierno,1963
2,202,Invierno,1963
3,252,Primavera,1963
4,252,Primavera,1963
5,252,Primavera,1963
6,303,Verano,1963
7,303,Verano,1963
8,303,Verano,1963
9,252,Otoño,1963
10,252,Otoño,1963
11,252,Otoño,1963
12,202,Invierno,1963
1,206,Invierno,1964
2,206,Invierno,1964
3,257,Primavera,1964
4,257,Primavera,1964
5,257,Primavera,1964
6,309,Verano,1964
7,309,Verano,1964
8,309,Verano,1964
9,257,Otoño,1964
10,257,Otoño,1964
11,257,Otoño,1964
12,206,Invierno,1964
1,210,Invierno,1965
2,210,Invierno,1965
3,262,Primavera,1965
4,262,Primavera,1965
5,262,Primavera,1965
6,315,Verano,1965
7,315,Verano,1965
8,315,Verano,1965
9,262,Otoño,1965
10,262,Otoño,1965
11,262,Otoño,1965
12,210,Invierno,1965
1,214,Invierno,1966
2,214,Invierno,1966
3,268,Primavera,1966
4,268,Primavera,1966
5,268,Primavera,1966
6,321,Verano,1966
7,321,Verano,1966
8,321,Verano,1966
9,268,Otoño,1966
10,268,Otoño,1966
11,268,Otoño,1966
12,214,Invierno,1966
1,218,Invierno,1967
2,218,Invierno,1967
3,273,Primavera,1967
4,273,Primavera,1967
5,273,Primavera,1967
6,328,Verano,1967
7,328,Verano,1967
8,328,Verano,1967
9,273,Otoño,1967
10,273,Otoño,1967
11,273,Otoño,1967
12,218,Invierno,1967
1,223,Invierno,1968
2,223,Invierno,1968
3,279,Primavera,1968
4,279,Primavera,1968
5,279,Primavera,1968
6,334,Verano,1968
7,334,Verano,1968
8,334,Verano,1968
9,279,Otoño,1968
10,279,Otoño,1968
11,279,Otoño,1968
12,223,Invierno,1968
1,227,Invierno,1969
2,227,Invierno,1969
3,284,Primavera,1969
4,284,Primavera,1969
5,284,Primavera,1969
6,341,Verano,1969
7,341,Verano,1969
8,341,Verano,1969
9,284,Otoño,1969
10,284,Otoño,1969
11,284,Otoño,1969
12,227,Invierno,1969
1,232,Invierno,1970
2,232,Invierno,1970
3,290,Primavera,1970
4,290,Primavera,1970
5,290,Primavera,1970
6,348,Verano,1970
7,348,Verano,1970
8,348,Verano,1970
9,290,Otoño,1970
10,290,Otoño,1970
11,290,Otoño,1970
12,232,Invierno,1970
1,236,Invierno,1971
2,236,Invierno,1971
3,296,Primavera,1971
4,296,Primavera,1971
5,296,Primavera,1971
6,355,Verano,1971
7,355,Verano,1971
8,355,Verano,1971
9,296,Otoño,1971
10,296,Otoño,1971
11,296,Otoño,1971
12,236,Invierno,1971
1,241,Invierno,1972
2,241,Invierno,1972
3,301,Primavera,1972
4,301,Primavera,1972
5,301,Primavera,1972
6,362,Verano,1972
7,362,Verano,1972
8,362,Verano,1972
9,301,Otoño,1972
10,301,Otoño,1972
11,301,Otoño,1972
12,241,Invierno,1972
1,246,Invierno,1973
2,246,Invierno,1973
3,307,Primavera,1973
4,307,Primavera,1973
5,307,Primavera,1973
6,369,Verano,1973
7,369,Verano,1973
8,369,Verano,1973
9,307,Otoño,1973
10,307,Otoño,1973
11,307,Otoño,1973
12,246,Invierno,1973
1,251,Invierno,1974
2,251,Invierno,1974
3,314,Primavera,1974
4,314,Primavera,1974
5,314,Primavera,1974
6,376,Verano,1974
7,376,Verano,1974
8,376,Verano,1974
9,314,Otoño,1974
10,314,Otoño,1974
11,314,Otoño,1974
12,251,Invierno,1974
1,256,Invierno,1975
2,256,Invierno,1975
3,320,Primavera,1975
4,320,Primavera,1975
5,320,Primavera,1975
6,384,Verano,1975
7,384,Verano,1975
8,384,Verano,1975
9,320,Otoño,1975
10,320,Otoño,1975
11,320,Otoño,1975
12,256,Invierno,1975
1,261,Invierno,1976
2,261,Invierno,1976
3,326,Primavera,1976
4,326,Primavera,1976
5,326,Primavera,1976
6,392,Verano,1976
7,392,Verano,1976
8,392,Verano,1976
9,326,Otoño,1976
10,326,Otoño,1976
11,326,Otoño,1976
12,261,Invierno,1976
1,266,Invierno,1977
2,266,Invierno,1977
3,333,Primavera,1977
4,333,Primavera,1977
5,333,Primavera,1977
6,399,Verano,1977
7,399,Verano,1977
8,399,Verano,1977
9,333,Otoño,1977
10,333,Otoño,1977
11,333,Otoño,1977
12,266,Invierno,1977
1,272,Invierno,1978
2,272,Invierno,1978
3,339,Primavera,1978
4,339,Primavera,1978
5,339,Primavera,1978
6,407,Verano,1978
7,407,Verano,1978
8,407,Verano,1978
9,339,Otoño,1978
10,339,Otoño,1978
11,339,Otoño,1978
12,272,Invierno,1978
1,277,Invierno,1979
2,277,Invierno,1979
3,346,Primavera,1979
4,346,Primavera,1979
5,346,Primavera,1979
6,416,Verano,1979
7,416,Verano,1979
8,416,Verano,1979
9,346,Otoño,1979
10,346,Otoño,1979
11,346,Otoño,1979
12,277,Invierno,1979
1,283,Invierno,1980
2,283,Invierno,1980
3,353,Primavera,1980
4,353,Primavera,1980
5,353,Primavera,1980
6,424,Verano,1980
7,424,Verano,1980
8,424,Verano,1980
9,353,Otoño,1980
10,353,Otoño,1980
11,353,Otoño,1980
12,283,Invierno,1980
1,288,Invierno,1981
2,288,Invierno,1981
3,360,Primavera,1981
4,360,Primavera,1981
5,360,Primavera,1981
6,432,Verano,1981
7,432,Verano,1981
8,432,Verano,1981
9,360,Otoño,1981
10,360,Otoño,1981
11,360,Otoño,1981
12,288,Invierno,1981
1,294,Invierno,1982
2,294,Invierno,1982
3,367,Primavera,1982
4,367,Primavera,1982
5,367,Primavera,1982
6,441,Verano,1982
7,441,Verano,1982
8,441,Verano,1982
9,367,Otoño,1982
10,367,Otoño,1982
11,367,Otoño,1982
12,294,Invierno,1982
1,300,Invierno,1983
2,300,Invierno,1983
3,375,Primavera,1983
4,375,Primavera,1983
5,375,Primavera,1983
6,450,Verano,1983
7,450,Verano,1983
8,450,Verano,1983
9,375,Otoño,1983
10,375,Otoño,1983
11,375,Otoño,1983
12,300,Invierno,1983
1,306,Invierno,1984
2,306,Invierno,1984
3,382,Primavera,1984
4,382,Primavera,1984
5,382,Primavera,1984
6,459,Verano,1984
7,459,Verano,1984
8,459,Verano,1984
9,382,Otoño,1984
10,382,Otoño,1984
11,382,Otoño,1984
12,306,Invierno,1984
1,312,Invierno,1985
2,312,Invierno,1985
3,390,Primavera,1985
4,390,Primavera,1985
5,390,Primavera,1985
6,468,Verano,1985
7,468,Verano,1985
8,468,Verano,1985
9,390,Otoño,1985
10,390,Otoño,1985
11,390,Otoño,1985
12,312,Invierno,1985
1,318,Invierno,1986
2,318,Invierno,1986
3,398,Primavera,1986
4,398,Primavera,1986
5,398,Primavera,1986
6,477,Verano,1986
7,477,Verano,1986
8,477,Verano,1986
9,398,Otoño,1986
10,398,Otoño,1986
11,398,Otoño,1986
12,318,Invierno,1986
1,325,Invierno,1987
2,325,Invierno,1987
3,406,Primavera,1987
4,406,Primavera,1987
5,406,Primavera,1987
6,487,Verano,1987
7,487,Verano,1987
8,487,Verano,1987
9,406,Otoño,1987
10,406,Otoño,1987
11,406,Otoño,1987
12,325,Invierno,1987
1,331,Invierno,1988
2,331,Invierno,1988
3,414,Primavera,1988
4,414,Primavera,1988
5,414,Primavera,1988
6,497,Verano,1988
7,497,Verano,1988
8,497,Verano,1988
9,414,Otoño,1988
10,414,Otoño,1988
11,414,Otoño,1988
12,331,Invierno,1988
1,338,Invierno,1989
2,338,Invierno,1989
3,422,Primavera,1989
4,422,Primavera,1989
5,422,Primavera,1989
6,507,Verano,1989
7,507,Verano,1989
8,507,Verano,1989
9,422,Otoño,1989
10,422,Otoño,1989
11,422,Otoño,1989
12,338,Invierno,1989
1,344,Invierno,1990
2,344,Invierno,1990
3,431,Primavera,1990
4,431,Primavera,1990
5,431,Primavera,1990
6,517,Verano,1990
7,517,Verano,1990
8,517,Verano,1990
9,431,Otoño,1990
10,431,Otoño,1990
11,431,Otoño,1990
12,344,Invierno,1990
1,351,Invierno,1991
2,351,Invierno,1991
3,439,Primavera,1991
4,439,Primavera,1991
5,439,Primavera,1991
6,527,Verano,1991
7,527,Verano,1991
8,527,Verano,1991
9,439,Otoño,1991
10,439,Otoño,1991
11,439,Otoño,1991
12,351,Invierno,1991
1,358,Invierno,1992
2,358,Invierno,1992
3,448,Primavera,1992
4,448,Primavera,1992
5,448,Primavera,1992
6,538,Verano,1992
7,538,Verano,1992
8,538,Verano,1992
9,448,Otoño,1992
10,448,Otoño,1992
11,448,Otoño,1992
12,358,Invierno,1992
1,366,Invierno,1993
2,366,Invierno,1993
3,457,Primavera,1993
4,457,Primavera,1993
5,457,Primavera,1993
6,548,Verano,1993
7,548,Verano,1993
8,548,Verano,1993
9,457,Otoño,1993
10,457,Otoño,1993
11,457,Otoño,1993
12,366,Invierno,1993
1,373,Invierno,1994
2,373,Invierno,1994
3,466,Primavera,1994
4,466,Primavera,1994
5,466,Primavera,1994
6,559,Verano,1994
7,559,Verano,1994
8,559,Verano,1994
9,466,Otoño,1994
10,466,Otoño,1994
11,466,Otoño,1994
12,373,Invierno,1994
1,380,Invierno,1995
2,380,Invierno,1995
3,475,Primavera,1995
4,475,Primavera,1995
5,475,Primavera,1995
6,570,Verano,1995
7,570,Verano,1995
8,570,Verano,1995
9,475,Otoño,1995
10,475,Otoño,1995
11,475,Otoño,1995
12,380,Invierno,1995
1,388,Invierno,1996
2,388,Invierno,1996
3,485,Primavera,1996
4,485,Primavera,1996
5,485,Primavera,1996
6,582,Verano,1996
7,582,Verano,1996
8,582,Verano,1996
9,485,Otoño,1996
10,485,Otoño,1996
11,485,Otoño,1996
12,388,Invierno,1996
1,396,Invierno,1997
2,396,Invierno,1997
3,495,Primavera,1997
4,495,Primavera,1997
5,495,Primavera,1997
6,593,Verano,1997
7,593,Verano,1997
8,593,Verano,1997
9,495,Otoño,1997
10,495,Otoño,1997
11,495,Otoño,1997
12,396,Invierno,1997
1,404,Invierno,1998
2,404,Invierno,1998
3,504,Primavera,1998
4,504,Primavera,1998
5,504,Primavera,1998
6,605,Verano,1998
7,605,Verano,1998
8,605,Verano,1998
9,504,Otoño,1998
10,504,Otoño,1998
11,504,Otoño,1998
12,404,Invierno,1998
1,412,Invierno,1999
2,412,Invierno,1999
3,515,Primavera,1999
4,515,Primavera,1999
5,515,Primavera,1999
6,617,Verano,1999
7,617,Verano,1999
8,617,Verano,1999
9,515,Otoño,1999
10,515,Otoño,1999
11,515,Otoño,1999
12,412,Invierno,1999
1,420,Invierno,2000
2,420,Invierno,2000
3,525,Primavera,2000
4,525,Primavera,2000
5,525,Primavera,2000
6,630,Verano,2000
7,630,Verano,2000
8,630,Verano,2000
9,525,Otoño,2000
10,525,Otoño,2000
11,525,Otoño,2000
12,420,Invierno,2000
1,428,Invierno,2001
2,428,Invierno,2001
3,535,Primavera,2001
4,535,Primavera,2001
5,535,Primavera,2001
6,642,Verano,2001
7,642,Verano,2001
8,642,Verano,2001
9,535,Otoño,2001
10,535,Otoño,2001
11,535,Otoño,2001
12,428,Invierno,2001
1,437,Invierno,2002
2,437,Invierno,2002
3,546,Primavera,2002
4,546,Primavera,2002
5,546,Primavera,2002
6,655,Verano,2002
7,655,Verano,2002
8,655,Verano,2002
9,546,Otoño,2002
10,546,Otoño,2002
11,546,Otoño,2002
12,437,Invierno,2002
1,446,Invierno,2003
2,446,Invierno,2003
3,557,Primavera,2003
4,557,Primavera,2003
5,557,Primavera,2003
6,668,Verano,2003
7,668,Verano,2003
8,668,Verano,2003
9,557,Otoño,2003
10,557,Otoño,2003
11,557,Otoño,2003
12,446,Invierno,2003
1,454,Invierno,2004
2,454,Invierno,2004
3,568,Primavera,2004
4,568,Primavera,2004
5,568,Primavera,2004
6,682,Verano,2004
7,682,Verano,2004
8,682,Verano,2004
9,568,Otoño,2004
10,568,Otoño,2004
11,568,Otoño,2004
12,454,Invierno,2004
1,464,Invierno,2005
2,464,Invierno,2005
3,579,Primavera,2005
4,579,Primavera,2005
5,579,Primavera,2005
6,695,Verano,2005
7,695,Verano,2005
8,695,Verano,2005
9,579,Otoño,2005
10,579,Otoño,2005
11,579,Otoño,2005
12,464,Invierno,2005
1,473,Invierno,2006
2,473,Invierno,2006
3,591,Primavera,2006
4,591,Primavera,2006
5,591,Primavera,2006
6,709,Verano,2006
7,709,Verano,2006
8,709,Verano,2006
9,591,Otoño,2006
10,591,Otoño,2006
11,591,Otoño,2006
12,473,Invierno,2006
1,482,Invierno,2007
2,482,Invierno,2007
3,603,Primavera,2007
4,603,Primavera,2007
5,603,Primavera,2007
6,723,Verano,2007
7,723,Verano,2007
8,723,Verano,2007
9,603,Otoño,2007
10,603,Otoño,2007
11,603,Otoño,2007
12,482,Invierno,2007
1,492,Invierno,2008
2,492,Invierno,2008
3,615,Primavera,2008
4,615,Primavera,2008
5,615,Primavera,2008
6,738,Verano,2008
7,738,Verano,2008
8,738,Verano,2008
9,615,Otoño,2008
10,615,Otoño,2008
11,615,Otoño,2008
12,492,Invierno,2008
1,502,Invierno,2009
2,502,Invierno,2009
3,627,Primavera,2009
4,627,Primavera,2009
5,627,Primavera,2009
6,753,Verano,2009
7,753,Verano,2009
8,753,Verano,2009
9,627,Otoño,2009
10,627,Otoño,2009
11,627,Otoño,2009
12,502,Invierno,2009
1,512,Invierno,2010
2,512,Invierno,2010
3,640,Primavera,2010
4,640,Primavera,2010
5,640,Primavera,2010
6,768,Verano,2010
7,768,Verano,2010
8,768,Verano,2010
9,640,Otoño,2010
10,640,Otoño,2010
11,640,Otoño,2010
12,512,Invierno,2010
1,522,Invierno,2011
2,522,Invierno,2011
3,653,Primavera,2011
4,653,Primavera,2011
5,653,Primavera,2011
6,783,Verano,2011
7,783,Verano,2011
8,783,Verano,2011
9,653,Otoño,2011
10,653,Otoño,2011
11,653,Otoño,2011
12,522,Invierno,2011
1,533,Invierno,2012
2,533,Invierno,2012
3,666,Primavera,2012
4,666,Primavera,2012
5,666,Primavera,2012
6,799,Verano,2012
7,799,Verano,2012
8,799,Verano,2012
9,666,Otoño,2012
10,666,Otoño,2012
11,666,Otoño,2012
12,533,Invierno,2012
1,543,Invierno,2013
2,543,Invierno,2013
3,679,Primavera,2013
4,679,Primavera,2013
5,679,Primavera,2013
6,815,Verano,2013
7,815,Verano,2013
8,815,Verano,2013
9,679,Otoño,2013
10,679,Otoño,2013
11,679,Otoño,2013
12,543,Invierno,2013
1,554,Invierno,2014
2,554,Invierno,2014
3,693,Primavera,2014
4,693,Primavera,2014
5,693,Primavera,2014
6,831,Verano,2014
7,831,Verano,2014
8,831,Verano,2014
9,693,Otoño,2014
10,693,Otoño,2014
11,693,Otoño,2014
12,554,Invierno,2014
1,565,Invierno,2015
2,565,Invierno,2015
3,706,Primavera,2015
4,706,Primavera,2015
5,706,Primavera,2015
6,848,Verano,2015
7,848,Verano,2015
8,848,Verano,2015
9,706,Otoño,2015
10,706,Otoño,2015
11,706,Otoño,2015
12,565,Invierno,2015
1,576,Invierno,2016
2,576,Invierno,2016
3,721,Primavera,2016
4,721,Primavera,2016
5,721,Primavera,2016
6,865,Verano,2016
7,865,Verano,2016
8,865,Verano,2016
9,721,Otoño,2016
10,721,Otoño,2016
11,721,Otoño,2016
12,576,Invierno,2016
1,588,Invierno,2017
2,588,Invierno,2017
3,735,Primavera,2017
4,735,Primavera,2017
5,735,Primavera,2017
6,882,Verano,2017
7,882,Verano,2017
8,882,Verano,2017
9,735,Otoño,2017
10,735,Otoño,2017
11,735,Otoño,2017
12,588,Invierno,2017
1,600,Invierno,2018
2,600,Invierno,2018
3,750,Primavera,2018
4,750,Primavera,2018
5,750,Primavera,2018
6,900,Verano,2018
7,900,Verano,2018
8,900,Verano,2018
9,750,Otoño,2018
10,750,Otoño,2018
11,750,Otoño,2018
12,600,Invierno,2018
1,612,Invierno,2019
2,612,Invierno,2019
3,765,Primavera,2019
4,765,Primavera,2019
5,765,Primavera,2019
6,918,Verano,2019
7,918,Verano,2019
8,918,Verano,2019
9,765,Otoño,2019
10,765,Otoño,2019
11,765,Otoño,2019
12,612,Invierno,2019
1,624,Invierno,2020
2,624,Invierno,2020
3,780,Primavera,2020
4,780,Primavera,2020
5,780,Primavera,2020
6,936,Verano,2020
7,936,Verano,2020
8,936,Verano,2020
9,780,Otoño,2020
10,780,Otoño,2020
11,780,Otoño,2020
12,624,Invierno,2020
1,636,Invierno,2021
2,636,Invierno,2021
3,795,Primavera,2021
4,795,Primavera,2021
5,795,Primavera,2021
6,955,Verano,2021
7,955,Verano,2021
8,955,Verano,2021
9,795,Otoño,2021
10,795,Otoño,2021
11,795,Otoño,2021
12,636,Invierno,2021
1,649,Invierno,2022
2,649,Invierno,2022
3,811,Primavera,2022
4,811,Primavera,2022
5,811,Primavera,2022
6,974,Verano,2022
7,974,Verano,2022
8,974,Verano,2022
9,811,Otoño,2022
10,811,Otoño,2022
11,811,Otoño,2022
12,649,Invierno,2022
1,662,Invierno,2023
2,662,Invierno,2023
3,828,Primavera,2023
4,828,Primavera,2023
5,828,Primavera,2023
6,993,Verano,2023
7,993,Verano,2023
8,993,Verano,2023
9,828,Otoño,2023
10,828,Otoño,2023
11,828,Otoño,2023
12,662,Invierno,2023
1,675,Invierno,2024
2,675,Invierno,2024
3,844,Primavera,2024
4,844,Primavera,2024
5,844,Primavera,2024
6,1013,Verano,2024
7,1013,Verano,2024
8,1013,Verano,2024
9,844,Otoño,2024
10,844,Otoño,2024
11,844,Otoño,2024
12,675,Invierno,2024
